,rmsre_train,rmsre_test
0,0.010547495442913194,0.023759162815023833
1,0.010547495442913194,0.023759162815023833
