,rmsre_train,rmsre_test
0,0.013525467596302227,0.02660351714688942
1,0.013525467596302227,0.02660351714688942
