,rmsre_train,rmsre_test
0,0.09196546313774269,0.094248449702014
